Actual Revenue,Predicted Revenue
1138800.32,1128154.7880999995
1304850.67,1312885.4474000006
1769296.25,1758488.8801500006
1077640.13,1067466.5903000003
428851.99,431563.0692500003
1004523.59,1002789.0102000007
1523410.71,1519915.0674500011
1014898.78,1017461.6226500027
1955896.59,1970029.2673999968
958667.23,960822.8824999998
687344.68,676864.8651499994
513991.57,514911.5727999996
1840686.94,1863263.0504499974
881503.95,891056.1518000003
955506.95,949957.9798499997
874790.68,881543.1321499991
672194.03,670801.3463499997
820964.1,769740.3390499996
608390.94,599917.6963999993
547384.9,578821.7622499999
733564.77,737307.2113000002
457711.68,453759.94344999985
2102530.17,2151343.819799997
875372.91,874046.6922500004
981345.2,982084.5548500012
1999794.26,1998332.3269999984
2495630.51,2473870.930800003
2461468.35,2546499.963150001
620087.35,603836.5397499992
1509323.09,1554348.819050001
1033552.18,1045202.070350001
1375458.21,1380238.4544999984
1686010.02,1703220.366450001
1394065.76,1409035.3009000015
1379488.05,1407007.5085500004
611258.71,612468.19655
1933719.21,1992811.0545999971
1912791.09,1897001.8928499997
2427640.17,2249619.431800001
1837743.6,1866925.0031
808821.5,799369.207999999
773878.58,768931.3674999997
1153332.89,1165694.0871000006
1244390.03,1243797.9937999984
1285358.01,1292138.0086000003
895069.88,891697.6649499992
1507460.69,1506054.5355999991
481119.6,481279.94165000005
2042581.71,2029472.4647499984
469598.57,474016.6327000003
2057059.53,1973751.2540499994
1833511.08,1885636.7275999966
1725268.56,1701831.3025500018
1063557.49,1066206.8994500008
1837553.43,1838023.9421999983
412314.71,411423.75964999973
1495536.46,1475671.7473999986
873643.14,850642.4524999994
457216.87,451301.5904499995
935266.43,940631.8276999993
1530761.43,1522936.3819500008
922539.94,934207.5531499999
1124763.74,1126452.8217000007
386344.54,385344.70805000013
275313.34,281356.3868000001
224294.39,235397.5133500003
697645.32,697285.5198499996
450756.71,451324.02745000034
2091663.2,2087519.212549997
537224.52,536005.5775499999
246124.61,253699.42060000033
767338.32,765203.8050500012
1448938.92,1446273.3598499992
1911967.44,1951461.5136999974
941612.04,943130.7521500009
555279.02,547268.6404499992
432808.48,433509.0326000002
656637.63,646273.0885500002
579874.22,600159.2865499991
387944.83,395565.59609999997
1249696.97,1239042.3228
292859.36,304708.83899999986
994801.4,994929.7431000012
494145.8,492287.1191499994
412456.48,412379.50684999966
280472.78,283917.99154999974
496851.6,497790.12019999983
848358.09,848861.9775500001
599629.25,590886.4883499991
947815.05,948856.4834500009
453943.89,451483.76505000045
813845.5,820858.2403499986
374556.08,376721.1664999998
1799682.38,1839100.5009499984
565297.54,567923.1004000005
1377092.33,1374055.5426500016
471115.38,486623.8598499995
1762155.79,1790150.9505499965
722496.93,718751.2325000009
264214.12,275878.6127499997
844373.31,853761.6669000001
2066541.86,2059821.3314999968
1597868.05,1601906.707500001
1308122.15,1309153.7046500007
597856.51,597174.3841000001
586289.08,582840.1634500008
920128.89,917016.6316999991
719888.76,715403.6411500003
749549.55,760777.4388500002
483660.15,489807.38575000013
1122034.48,1304737.501650003
1084722.78,1077686.3754999987
791356.9,776073.7097000005
619369.72,614717.4124000005
941829.0,938590.2208499999
960746.04,963798.4752499998
1081322.12,1079092.148150001
1079931.63,1078856.1663500008
874446.32,863674.9442000013
1853161.99,1864524.036400001
321299.99,325041.1614
532241.22,532869.7962500005
522105.93,526960.3174999997
735796.38,733781.2785999998
751963.81,743446.0027500001
1440963.0,1748859.0077499992
559285.35,545339.4945999992
1010711.08,999763.3219999997
531811.85,529597.3071000008
833782.7,806235.3289499992
813630.44,806934.6131499992
522554.04,525580.65185
1507637.17,1614064.8476500001
1404516.29,1416866.9263999998
929690.71,927005.2568999999
911969.0,914966.5685499997
584000.71,580847.7797999994
2027056.39,2008752.6662499993
1761235.67,1797414.5842499987
2202450.81,2215538.419949998
1315356.99,1339149.9229499982
1016143.64,1035662.8541000013
575676.13,576247.1520499998
246277.18,246848.25820000016
273690.37,280317.80689999997
1510397.27,1509266.65385
968258.09,969378.2067500006
825283.43,821999.7837499996
531600.62,526936.1985499997
1224175.99,1300483.378450003
1042043.55,1147098.8293499998
1334571.87,1350980.2246999992
917317.15,919655.4011999997
1198104.22,1298349.0924499996
1069533.17,978870.6949499998
1294105.01,1290921.099550001
1472752.01,1431265.6408499999
505329.66,509124.92339999997
2013115.79,1996482.9201499992
821568.64,841685.2262999997
1344483.81,1343020.1828500011
1434709.63,1434133.392300002
892133.41,883828.1906999989
753860.89,756011.5951000002
1733822.4,1857978.7366000013
1877592.55,1874174.8977499995
1354168.18,1359653.8893500005
471449.98,476877.35600000015
454694.21,449284.63925000024
1203172.05,1203151.3888499988
527509.76,536302.31845
853073.17,832084.8671999983
402341.76,396147.28615000047
368929.55,361274.4079999995
1930814.66,1938802.6208000001
1149448.02,1152698.5478000015
1379579.63,1327876.3136999996
1405168.06,1357355.1715499994
520284.79,514332.2216499998
311590.54,302012.3793499998
418925.47,418818.9057499995
2290549.32,2403914.502600004
1375962.46,1384856.922349999
967310.82,968077.9332499992
877813.33,884276.4920999998
757738.76,766332.8859000005
1511641.09,1502665.4858999979
284309.34,287213.48030000005
895020.48,882380.581649999
1090558.57,1133028.449749999
968816.33,967676.7258000007
1205536.71,1220801.8674000015
924011.76,927217.8899500001
1257921.28,1261211.6871999998
916522.66,918170.2260999999
904650.55,868053.7943499996
392152.3,374269.5059500002
556046.12,568416.7589499997
472511.32,448310.01594999986
492792.8,491778.6683999998
617405.35,606663.1808999999
782796.01,791111.8965499996
1750891.47,1872897.3172499994
1135577.62,1130029.853149999
530367.83,529483.7173500002
274634.52,280245.93214999995
1112449.3,1111157.0021000006
498056.0,501289.5911999999
1419445.12,1423600.76045
554036.84,556835.5751499996
1469693.99,1453348.5028999993
347295.6,341539.02965000016
1968045.91,1896630.5137499976
295339.01,299216.29494999995
1933577.2,1927076.5848999985
1843030.95,1848483.770899996
581473.55,580019.4760500004
461868.09,460389.00399999955
274721.85,271578.8391
272997.65,271483.1516000001
1493525.93,1444829.3062000005
354993.26,372434.5203999999
831425.2,841544.5188500005
506273.74,507448.5472000001
925916.65,919338.7527999997
1361945.18,1357196.5733000021
654088.02,651232.9229500004
1172003.1,1368149.8987500004
1306194.55,1390022.6343
1220579.55,1212814.5665499992
515777.97,523401.57025
642827.29,682187.7723499995
1949183.14,1941144.4487499967
310800.79,303047.44660000014
653468.75,707731.9578499995
1986445.65,1981674.391849997
1672339.27,1663779.5047499994
977062.44,971637.8696000002
685531.85,681978.5659500002
2143080.57,2185069.5167
1809989.29,1834207.7198000005
1366381.6,1366325.8358000014
565390.4,574266.9052499993
1703850.25,1696105.4497000012
1935299.94,1896670.4591499974
1345454.0,1369703.496699999
517021.3,516078.61264999956
1323999.36,1357035.4662999993
1554837.62,1507985.6780500005
551799.63,549785.5297
845252.21,852462.3152499995
1051518.45,1044944.4432000011
1150204.71,1159505.6552500003
948977.5,948911.34235
1226997.7,1233162.7436999988
967729.35,955576.4366500002
527041.46,524638.2018999995
571190.83,574232.3996999997
230519.49,238441.37459999984
1407842.91,1375890.4076000007
579272.38,573754.9037499998
427175.03,421257.1693500003
1550214.02,1499722.172450001
997868.63,994355.414300002
1244542.33,1242091.489450001
1148987.46,1152896.0924999998
942970.63,943840.3657500009
640181.86,778979.3839500005
905984.49,900582.6986500002
1334627.96,1329699.1377500002
1427383.24,1424830.0127999983
2363601.47,2331666.1128000002
771298.98,760883.9943499995
793589.18,794528.6311999996
555424.24,557612.4806499999
1287288.59,1266145.5952999992
452792.53,440035.50064999977
512834.04,513545.6481499999
301444.94,305459.0842500001
1880752.36,1854194.880399998
620908.18,615154.5844499997
618949.82,616878.9021499995
1132948.48,1134633.3796000013
484032.75,488473.5408500003
847380.07,832526.5385499989
1140501.03,1140695.5209000001
2338832.4,2330431.3728500004
1206795.74,1187115.319599999
1891816.0,1903347.6010999992
2015563.48,2015503.7190499983
553834.04,553654.6318999999
2068942.97,1960304.198149998
1297792.41,1297890.3958000008
348591.74,352071.39359999984
1946369.57,1940171.2957499998
1245480.95,1242485.506299999
2144336.89,2151317.264150001
619639.74,618522.5041499998
1525147.09,1488101.878299999
1781717.71,1795299.7328500017
538344.1,536114.7906000001
659950.36,641267.5792499998
971422.67,972105.4927999995
956987.81,953577.3689500004
1008483.07,1001668.8942500014
768390.05,764392.8574500004
1118313.7,1117687.0225500003
958007.69,957594.2243000013
1157557.79,1170800.7302499993
1337617.55,1340424.817350001
1273279.79,1268311.8467500017
763479.9,771705.5139999997
872113.23,905171.74795
537455.65,527748.0463999995
1109216.35,1108330.7926000007
246970.97,249976.89910000018
1327405.42,1332165.81405
1799070.98,1819119.0415
1355234.3,1352381.7406000013
1945808.26,1954638.4730499976
1333315.03,1321263.3960000016
1183571.35,1184891.7310999993
1830939.1,1818639.9543000003
1441559.4,1446108.857499999
349214.18,355015.8505500002
1477134.75,1469605.8816499994
475770.14,490826.3245000001
1115255.65,1156457.5978500005
335858.11,336774.20569999964
413042.12,407935.6112500004
855001.02,853877.7998999992
1182694.95,1186391.2792000007
781694.57,774661.5424000002
1146992.13,1155669.96735
1173131.63,1214309.7740999984
793184.25,858586.8203500004
237095.82,237248.88605
244856.44,242978.53060000003
1307928.01,1308616.0490500003
1111638.07,1137154.5345499988
655157.32,657545.2681500003
1539483.7,1534006.4169000017
1345311.65,1336874.8430000008
320831.36,320301.2044
224639.76,238811.90349999984
1931668.64,1925857.5199999989
1795152.73,1782959.5937000012
1867345.09,1873740.9394499986
2039222.26,2037709.006650001
867283.25,883866.960549999
324174.79,316934.2555499998
1932233.17,1896104.8810999987
1095091.53,1097665.4754500014
1376670.27,1381241.0897500007
542663.53,542532.9318499992
2078420.31,2109733.633150001
1697229.58,1670628.2542499995
363064.64,360980.38075
733037.32,733916.3228
316687.22,318278.8728999996
564538.07,584210.9544999999
944100.3,948004.1961499992
1858440.92,1871672.0484999963
982523.26,973021.5634000003
899044.34,901847.6860499992
1615524.71,1600654.8408000013
813954.82,814303.4550499991
1441032.59,1441409.04165
269624.2,276122.91970000026
1171391.41,1171990.6547499998
405860.37,416630.6790499994
1027584.51,1019904.4545500012
1929738.27,1961026.3406499976
816838.31,835416.6400499993
597855.07,588881.1493
1893955.27,1899380.8265499966
2283540.3,2233679.799400001
603147.26,600041.49105
953495.48,956580.0506999994
530059.06,528949.5458500006
1230613.5,1225728.0811000017
892393.77,899780.6386000008
1470520.83,1456520.1102000005
1817887.23,1830497.0372000004
1826241.44,1903890.8485999973
1162675.85,1167347.0591500006
1429954.66,1457572.2309500014
1359158.57,1350046.6123000009
1494251.5,1454470.6606999994
416953.51,410236.1973500004
498749.62,498837.4324000004
926455.64,935030.9895500004
434471.38,434545.75920000003
1773500.56,1788606.5865500004
1424225.44,1437342.049849998
1311175.93,1325706.23425
1208600.05,1268546.9053499997
1375307.54,1376805.3875000007
3766687.43,3589504.6136000035
435579.7,431599.96125000017
281909.79,284427.04065000045
1720908.01,1765175.2906499996
922440.64,927252.1908499999
1285976.53,1285755.038499999
504750.35,506215.98190000077
711470.8,726320.2071000001
610641.42,595635.3763499995
2094373.0,2078674.6965500002
1309437.17,1307721.0729500002
1890273.44,1873530.5356499972
827738.06,831417.8366499986
1870843.9,1905513.8538999984
1308537.75,1332512.7317499984
2152229.11,2108797.7274000025
1280231.85,1275249.5815499998
1051922.95,1064501.0905500008
768718.11,775126.8048000004
1960587.76,1962395.59115
517869.97,508890.63540000014
2010216.49,2019081.9555500015
329467.82,336556.30639999977
713479.91,708728.3470999999
436970.1,434218.86985
1539930.5,1553678.6992000022
1049372.38,1046347.2502500023
2039818.41,2057433.1989499987
1903385.14,1934735.4836999995
1130022.99,1119128.7669000002
554972.42,559305.8266499997
817485.14,825253.5626499995
2205919.86,2241388.587550001
852333.75,864004.1694999998
2168041.61,2065410.4752499976
1170456.16,1180897.4436000003
1670579.82,1676953.6327499999
1539230.32,1510511.05275
618121.82,623362.1108000003
1402372.09,1404603.043599998
1925728.84,1954649.1231999993
911245.43,915159.9947999992
495951.66,496728.87354999967
263263.02,280309.28759999987
1197373.13,1230509.8227500005
293350.51,305918.7212
821498.18,822900.3472500001
373267.58,365445.41494999983
1346783.35,1340500.0216000015
1092616.49,1092100.9567999996
1352401.08,1354637.7144999995
501251.4,501829.09320000006
1514259.78,1515704.0874000008
2034695.56,2066408.293349998
979552.34,971773.6407499993
629152.06,628941.0943999998
426151.88,420917.56050000037
438529.81,437452.5506499998
777175.28,841035.8155500004
628218.22,609955.7372000001
1407036.59,1407665.9908
333522.6,322166.8631499999
1040143.14,1042674.6414500017
1621841.33,1622745.6991999997
1763545.32,1737881.2031499995
1794868.74,1878645.7551000016
407764.25,408929.7824000001
2052984.81,2019131.0228000018
1272395.02,1274572.109950002
475776.45,475091.9242500002
453632.76,465096.22245
521516.96,521857.96644999983
385672.11,393124.9907500006
2168709.76,2079216.9455500012
2658725.29,2689666.1951500014
2374660.64,2312389.13635
916033.92,895686.8125500001
285100.0,299928.96654999943
336378.38,337524.83189999976
1078182.18,1084611.4031000019
1563140.85,1520631.4835499995
1279080.58,1266927.9470000002
927249.61,920714.9748999987
350276.29,357037.6230500003
419348.59,420126.2775499999
1259941.48,1277463.0259000014
1360969.45,1363142.1970500005
503720.98,505743.13255000097
1156826.31,1149986.91275
297753.49,285854.62049999984
916446.02,923605.4983500008
534597.69,537629.9776500001
1572966.15,1468245.2226
1310684.1,1312627.5972500006
325041.68,333864.4082999999
1350441.68,1412968.266950002
798593.88,829140.9520500003
1764984.15,1771390.7639000004
1360520.56,1367683.2893999992
558837.27,558047.9179500003
444181.85,447943.56814999983
1547729.24,1535839.5829499988
1293404.18,1309085.6127499999
1336044.75,1359257.5423999985
1669299.78,1691518.2721000013
1958823.56,1949805.742649998
361311.41,354677.4638500001
443557.65,446182.7903499997
2103322.68,2038390.8985499972
855459.96,853813.2955999991
1536549.95,1480715.5084000016
987990.24,993584.0067000003
369722.32,381055.15425000025
434822.13,432265.0752499994
1607343.41,1625023.8987499995
220060.35,238661.8301500001
549505.55,534667.9975499999
833517.19,832809.6557999994
877235.96,868941.2393499991
649128.23,648931.2788000009
1095421.65,1071328.8361500013
1110706.06,1112039.305050001
861965.12,864599.5183999991
680943.03,682204.9774500005
1790439.16,1809966.2222499978
541120.2,548791.5462500002
1876704.26,1876742.6418499986
1556627.62,1527320.9402000003
571463.93,573924.7344999996
1629391.28,1619973.1547500002
715876.27,722616.9775000002
410497.73,400861.3675500001
628494.63,636053.3461
1621109.3,1620980.3296500004
712647.97,706114.0560499998
835181.18,835435.4099499993
276198.74,271297.09624999965
1765571.91,1738316.8456000013
873576.96,891040.4524500017
767358.37,764817.4043999999
325345.41,316445.1460999999
471281.68,473350.00969999976
855385.01,891636.1609499998
1707662.87,1683052.5667
466322.76,475948.08234999963
389540.62,381362.81940000044
2105301.39,2119501.700100002
1875040.16,1892495.4952499983
1412925.25,1390562.1163000008
525545.76,527197.6167499997
344642.01,334131.99160000024
951588.37,952147.3917000005
1460354.67,1475447.9036499988
1827440.43,1832568.7358000008
1974960.86,1948229.6319999995
365098.24,321334.83469999983
2077256.24,2033060.188949998
325310.3,310659.36800000025
2008344.92,2012833.5026999998
997672.62,1007471.3753000007
312161.0,308214.81765
424083.99,436203.98365000007
613531.11,601835.4067999996
514731.6,507557.80590000004
490503.69,487932.71794999973
491179.79,490343.8159499994
829284.67,829478.1633999995
454183.42,471213.96025000035
304989.97,312522.8941999999
1804246.16,1809986.7777000014
985896.44,986518.7721999994
1568048.54,1583289.4384000006
761793.94,769149.7732499999
958487.75,1002524.0653999993
972663.59,946984.8038000007
355626.87,354993.3246999997
1445596.61,1442757.5061999988
1751369.75,1773170.8742499994
457030.86,497954.3110499995
815915.52,751514.2610499993
723086.2,729790.298
1048802.62,1046055.7648500006
1333740.35,1342569.0160000005
1989674.07,1979258.169099998
769848.75,775678.330800001
505068.22,505231.36735
1198014.97,1183568.6667999984
435109.11,431292.9741000003
583210.87,591382.9091499998
1243812.59,1245536.6694999984
460331.7,474200.4958499995
282558.65,286161.04964999965
885445.47,885225.5229999991
382677.76,450285.67230000003
280785.76,279903.55749999976
734297.87,733922.8856500003
1379652.65,1385340.3702999996
452169.28,456776.1939
672062.08,671345.3568000008
758510.36,705642.7576999995
808030.15,821266.1001499996
288247.24,288210.64079999994
1487542.53,1485833.140649998
888834.07,880168.0349999985
739866.16,736063.5369499996
1979247.12,1994220.5250999967
1109574.11,1105072.3859
837548.62,826123.2452000004
727772.8,753472.1346999988
1004749.41,998354.1461000016
587370.81,580203.4422999992
1702220.96,1673982.4123000023
1648602.39,1639323.9246499985
1764133.09,1784784.1998000005
718393.61,707163.6881000001
1002806.39,1000782.7775000003
1321102.35,1321833.0184499996
1127859.69,1139465.6944000004
320691.21,323727.7452999997
463448.59,463012.8302500001
286477.35,279360.47774999996
1891034.93,1861065.378799998
699536.73,698764.079049999
1413124.11,1417993.17545
348895.98,353299.9820000003
1531938.44,1531818.8097000017
1443285.79,1434436.5153499993
1379651.87,1355805.4060499985
511049.06,509543.2762
1757041.96,1837388.2831999986
558473.6,557631.47685
979848.71,1011036.5068500004
1694862.41,1689719.5266499976
1743882.19,1705949.4036500014
288855.71,299255.7051499999
1373907.21,1376782.9830000014
600952.06,593606.0328000002
1870619.23,1860300.315450002
1044639.69,1035975.5889000002
1837884.79,1856019.6879500013
1514828.82,1513068.0669000011
1280465.8,1285574.8454499997
419497.95,421740.54195000103
1483784.18,1476672.601749999
912762.76,951925.0151000012
651521.77,638343.4464500006
1373270.06,1377879.7904499995
583364.02,599999.9915999996
1177340.99,1177829.3030000012
534740.3,544029.4374500006
1503284.06,1505704.010250001
973585.33,979058.8494999993
977286.07,968071.0994500007
505406.72,510239.86955000035
570611.23,569748.7180999992
356622.61,344727.12379999994
1981607.78,2035804.5609000006
1907351.2,1895779.3997000009
1855703.66,1890082.2242499976
328633.34,326415.78675000014
1316899.31,1323853.2273499996
2203523.2,2203624.193200001
1031139.3,1034504.8348499999
672831.78,670834.6335499993
1811455.15,1811849.3374999985
1456793.33,1468637.0892499993
428806.46,426375.06264999957
1459601.17,1508585.82015
307126.34,307910.3125500001
541216.92,536431.9585000003
1101458.21,1098827.1989500006
286347.26,339999.3414000005
1327424.28,1321396.1563000013
1377593.1,1387768.2078499987
1224915.66,1226304.385649998
950862.92,954718.94055
1143724.48,1150332.2247999995
822167.17,818646.6714999989
312078.71,362728.2187500002
226702.36,236255.2368000002
963910.81,969059.96315
445530.16,448936.3757500005
325201.05,302020.82585000043
2115408.31,2043711.8915499968
513107.2,534208.0574
2008350.58,2001792.1070499995
1405007.44,1397174.5244999987
1086231.47,1082061.0133000002
1332716.53,1329486.8601499996
278287.04,275791.49735000014
490981.78,511630.0896
1355391.79,1350567.6064999998
943912.77,942452.3392000011
1021534.7,1031565.7430499992
2117854.6,2118151.4180499967
1682316.31,1735739.6444499972
1900535.9,1918602.8667999972
1921655.48,1849033.7990999976
948964.99,948463.5595500006
1230011.95,1233659.814700001
1639999.47,1647746.3273999996
1278304.33,1272932.1153500017
574450.23,564575.8485499994
446336.8,440316.7841500002
1215354.38,1210279.0657999986
423175.56,422723.0865499999
1297237.7,1299872.38085
300255.87,302076.61320000014
415202.04,419049.7714499996
423805.22,421302.0325000002
616324.24,617135.6978500005
2005478.46,2013349.2649499956
356797.0,360260.8387500003
663396.32,653968.749150001
1338716.37,1374036.5567499977
479263.15,481929.82165000035
1376571.21,1374036.0606500003
1557776.1,1551605.5525500006
1518841.45,1503460.9842499995
394645.25,384736.3510000005
365248.94,368246.93505
773367.71,776150.8860499997
792299.15,796719.8386499995
462474.16,461877.6302999993
1212938.67,1216320.7956999985
338737.33,340318.54685000016
1442819.28,1441116.5371499995
1234875.33,1240824.083699999
677971.33,676512.9864999998
545570.86,550448.06265
1371465.66,1368660.093850001
303108.81,300422.39039999957
699464.43,700142.7212499998
1321914.34,1324239.6645000011
700272.01,698339.0825999996
385631.48,366230.4068499998
2044155.39,2099744.8602000014
513073.87,514414.6137999995
336241.0,337641.4827499997
330604.9,330555.0640999999
857797.33,853661.4120999984
2251206.64,1946680.2592999996
1266564.94,1271546.3717999998
1358816.46,1367961.4828999997
1645892.97,1654228.406699999
1697230.96,1679532.4809499998
326870.13,306467.7991500004
729036.06,718739.8546999994
498241.06,496744.4960999991
945018.83,945887.4833999994
905324.68,885756.3864500006
699270.1,705142.6128000012
267495.76,280306.76635000005
1840131.19,1801139.2159999995
249798.75,262298.2954499998
1851519.69,1848219.8177999991
508309.81,511168.37500000035
2109107.9,2008765.1587999973
382914.66,383809.3722500001
335741.9,333695.7889500001
1372504.9,1373969.5630000012
873065.23,923916.4302999995
540149.85,538664.5106499994
1863195.68,1834255.0051499975
923644.6,930864.2554
959339.51,959901.60595
1283849.38,1294532.0748000012
662198.65,655999.5065499996
916967.92,920082.8542999998
513615.82,513118.76465000026
1280414.8,1286524.4503499998
611390.67,611396.9677000002
1814806.63,1824700.514900001
2429310.9,2435290.481850002
890547.07,888848.4097499992
1827797.4,1820776.0645000027
1115138.51,1106716.6296499996
1150003.36,1143485.929500001
1665502.55,1613247.742299999
578002.85,590896.0949000004
323915.32,317321.09069999994
905756.13,905880.0892999995
826626.5,824296.5535999989
1789113.32,1835279.5196499985
751167.12,745999.3720500002
554093.15,551125.7567999994
749779.1,765465.6165999997
659816.15,647485.5260500011
1060433.1,1057800.4083000007
505978.46,507497.6060500007
297293.59,297641.22890000005
1245898.73,1246326.4644500003
985594.23,995026.8299499995
1543365.9,1531734.8818500002
997502.47,995677.4005500019
511316.29,528639.4269000005
2370116.52,2300923.7442500023
376183.44,371140.48405000014
1392543.37,1378339.4736499991
529418.64,528484.6294499994
592981.33,589659.4346000003
1048706.75,1042051.1344000011
1219583.91,1220768.0842999984
395107.35,393280.83564999996
794660.24,800979.1399000005
727163.67,740696.8950999995
2165160.29,2126230.425750001
1311775.83,1317421.0103
946060.98,939519.0966000009
1289082.81,1293193.9617500002
830756.76,826202.2377499982
1106575.59,1096769.9253000005
586061.46,581920.0789000002
555954.13,555070.0977999998
938604.58,936395.6118000004
1314987.4,1300651.878499999
1263680.51,1263165.5428000009
755098.41,754725.1762999994
1711769.11,1712862.2877500015
408838.73,404788.4020500005
2149355.2,1993148.250600002
2197299.65,2169624.5989500014
403342.4,399200.1963000002
872817.62,863738.9324499991
1759777.25,1733707.30245
1012075.12,1008807.4897000004
1386472.59,1390893.5044500008
903882.96,906578.463249999
1991824.05,2042253.3144999968
887979.47,870652.6895499994
1320239.51,1322128.2084000001
2258616.24,2174937.865199999
1371405.33,1354426.7821999989
458086.69,469743.3064500003
1130926.79,1065584.5429999996
595421.23,599532.0741000009
1188047.61,1158600.758999998
821127.53,801237.4353999995
313387.11,318301.1649499996
1884734.31,1893831.004599998
1802755.11,1812430.2565999993
1484995.38,1481384.0840499997
1827521.71,1849900.7846999997
952766.93,938948.8030500009
294882.83,345615.4261000004
1088248.4,1078804.453700001
1037464.27,1037151.7485000006
1062629.3,1064697.8081999994
1106847.62,1116306.3880500009
1473386.75,1492800.9732
1017593.47,1010598.8436500009
1522978.54,1514781.8439499978
1941676.61,1869043.334399995
817653.25,821866.0144999997
733455.07,734152.3717000006
1523101.38,1505686.5130999994
1949177.13,1960518.1432999996
485150.01,486112.22964999976
310141.68,312679.48289999994
1877410.36,1881553.5175999957
390732.02,390264.2274499996
1029849.2,1007724.704900001
408679.36,410865.85569999955
1913494.81,1906641.9797000005
2105058.91,2080910.175900002
991570.02,982056.0113999998
1007257.83,1007872.8744000014
527117.81,525417.7314000002
894865.3,894392.3326999987
953533.95,931971.8243999999
1244391.83,1240711.8494000009
448392.17,449146.4741500005
1377716.17,1381376.634899999
998362.05,995323.1923500015
454412.28,488831.95410000026
262789.95,263388.9491499998
928537.54,936122.5556999998
506502.09,509792.25269999984
1399662.07,1405790.1636499993
1214944.29,1217776.3024000002
380188.69,367011.06975
1456300.89,1444840.4825499991
362134.09,358293.83725000016
2065191.27,2050279.6546999996
1141184.66,1156851.7558499994
436293.4,433787.30570000043
806012.48,797656.0100999997
773725.08,789464.3482000005
213538.32,227682.59020000015
1511717.53,1621473.84995
1574287.76,1519333.4075000002
1788227.6,1740071.8639500004
1854967.66,1848505.987900002
484835.2,487106.9916000002
2024554.1,1994224.2590999983
240044.57,252602.68529999972
795133.0,791742.3739999994
508576.62,508143.32434999995
1631737.68,1553438.1679
1869110.55,1872248.329850001
369106.72,368107.20550000004
1931104.67,1945489.4077499998
1213860.61,1220408.5937999992
1642970.27,1615035.0372500008
383550.93,389652.3426000002
891736.91,852745.4713500002
585895.34,591523.6977500004
3487986.89,3475799.1525000036
885608.04,885834.0880499999
1593655.96,1590845.8254500008
1319054.57,1321915.873750001
1953539.85,1964302.1662499967
1061196.47,1060526.4818000002
1911510.64,1845652.3621999961
333948.0,323906.2299499998
296673.77,291885.1376999995
714677.47,721819.6649999996
516556.94,516909.33065000013
442457.35,448784.0458000002
1000582.06,1018007.9603000007
2148822.76,2187632.542150002
928264.4,924994.5665000001
294264.2,289278.60514999984
1429143.06,1426532.4458500007
1594968.28,1582470.3853000016
529707.87,524777.3287500002
1522042.57,1532066.3916000018
592947.75,583015.4115999999
237129.81,244168.42174999998
1033017.37,1031359.346200001
270677.98,279759.6536499998
2154137.67,2123096.3561500004
529852.7,529759.8573000006
1547654.98,1557483.096249999
611585.54,612339.9149
1336404.65,1378897.2122999998
1758971.38,1723575.2692499987
336189.66,337725.8943499995
1267619.06,1255446.02815
660619.99,659697.1134000007
651837.77,597410.5331500004
1002856.2,1000227.068350002
1198709.65,1221947.4293500006
410804.39,410825.80235
303643.84,302770.4071999996
1351791.03,1364076.4131999991
519585.67,515685.90439999977
1311986.87,1320395.4786499992
1682614.26,1690506.2043
660632.05,655074.0604500003
2035189.66,2036878.0231
574622.56,570410.3456000008
1512207.95,1502949.9176999999
836419.14,830824.6262499982
1390934.27,1589327.5931999984
683300.84,683999.0694000003
1325835.7,1328719.1990500002
244338.31,258050.47324999992
984833.35,978770.6362500001
1478321.26,1464598.4039999999
533414.62,530915.5008999993
1347454.59,1343769.2810000004
775910.43,785598.0580500002
337979.65,337718.4650499998
1704218.84,1481071.2731
675202.87,674169.8149499998
1564819.81,1570628.9354500012
282545.55,285292.16059999977
1166117.85,1164319.1116999998
1065350.56,1070047.4434500004
1297535.69,1316471.8432499995
1897429.36,1894217.0323500014
342214.9,328452.4141500009
2131900.55,2115196.0602500006
1691439.52,1709298.9378000004
1857500.96,1869856.578399998
2138144.91,2162087.8230500016
517850.83,516177.2644499993
1601377.41,1609048.6093000001
401615.8,403732.4455499998
979428.66,981059.1476500002
1794355.49,1790806.8624500001
1620374.24,1622545.0701000013
615997.29,605554.6427000001
877268.29,903949.5463500016
451077.21,494322.2760500002
851762.28,844708.453249999
1066792.63,1064890.287700001
1143819.35,1142855.9663500015
1557314.58,1526279.9246999982
1962445.04,1962723.6096999962
283455.13,285617.57224999985
1650894.3,1688912.08625
1983190.56,1958980.6907999981
1048866.3,1049543.1227500015
910240.68,912127.4362499991
1189646.45,1188841.3158999993
1263534.86,1339317.9526499987
982598.88,966405.2815000006
1422794.26,1418755.8234999992
416036.75,419591.2388499996
1061134.37,1059436.2209500007
420515.63,420153.45795000007
825584.22,843240.8769500018
1200019.74,1199511.7924999986
468189.93,468543.27085000003
1336838.41,1358241.0503999994
1264272.52,1264194.4651499996
624114.56,629372.5892499997
469311.17,478796.8706999998
1886503.93,1948378.801999999
781267.76,784014.3995000006
1297335.87,1304033.66285
1227469.2,1219298.0369999993
529384.31,525338.5580499996
680254.35,695015.8378000004
469563.7,472125.0638500005
272190.83,272289.90845000034
988764.84,983389.2648499995
892070.82,892273.3939999995
1331137.96,1323362.9853499988
2062481.56,2073305.8535
902109.69,925479.0758000013
2302504.86,2322488.1639500023
329183.92,321641.9005999998
1426405.46,1420548.294149999
449516.29,445091.39004999935
883683.35,889503.9656999995
339976.65,362818.89490000025
396968.8,398541.23524999997
2082355.12,2079973.276700001
535937.25,532895.0306500001
1430851.11,1414674.7791499998
1704753.02,1700323.2634500002
589091.04,580195.6651499997
321110.22,312011.5553500001
1537139.56,1609823.6466999995
642776.4,639564.4271000006
655811.95,656290.6096500005
2432736.52,2427425.9721499984
1523979.11,1544989.3360999986
958225.41,946651.44665
3818686.45,3603956.759450006
468428.3,465040.54464999953
955294.7,956977.601949999
1248901.98,1250335.25785
558671.14,555571.9447499998
1935869.1,1887679.1050499985
480239.88,485720.3314000004
1069112.0,1057787.8719999993
1244381.98,1249175.7944499988
2156035.06,2124449.6949000005
463561.48,466701.0228499993
638144.98,630885.4020500001
1337506.74,1332857.905950001
660838.75,673992.3349000004
616345.25,622224.0455
1090915.09,1083324.905750001
1364445.98,1372852.98345
1133807.03,1133791.1587000007
435972.82,445648.4169499999
303908.81,328734.60344999994
574955.95,582074.1609500002
575997.78,576455.5093500009
562173.12,556984.33405
527953.14,526370.2420500003
1306551.71,1312389.7529999996
1229257.7,1213686.7680999984
527572.25,528766.2080499998
1527845.81,1536293.758950001
918049.28,933132.9142000008
1808250.71,1843726.3290499982
239431.85,240457.48905000006
1122053.58,1114406.8204999985
1502078.93,1482116.655099999
303043.02,296647.65340000024
1455119.97,1451978.6887000003
1385769.03,1395133.847900001
668390.82,666568.7237500001
970641.34,965525.4812499996
688940.94,688400.9520999996
1414564.53,1416429.7702500008
1946070.88,1927375.6759999979
1848426.78,1834744.6152500042
1754879.45,1778549.5196999994
1792345.3,1762978.8431500013
1391813.69,1392835.7986999997
1524390.07,1509219.50155
1464616.59,1466006.6572999996
1425559.02,1426379.7010499993
1688531.34,1607474.465450001
1513635.64,1505407.0300999994
1828052.47,1830086.5009499998
827717.85,828306.09065
273079.07,278379.7786500003
966780.01,966224.4073500007
658997.55,673033.7060500005
929096.9,928968.0820499995
1939980.43,1988541.6858999971
1313729.72,1465985.2609999997
505405.85,569878.2039000002
893399.77,885291.6281999999
1158698.44,1171438.12865
918335.68,911550.1964499991
391860.04,388305.26865000045
314607.22,307718.6064499996
585548.79,583306.1969999992
1863840.49,1861142.6175500003
1436383.84,1434058.4054999982
497374.57,506998.01260000013
407589.16,410191.94715000025
2020332.07,2028327.8485999992
557166.35,555883.8409999995
2246179.91,2196432.2949499963
912857.1,921390.0602000006
996937.95,1000929.467900001
1282378.71,1279697.67735
1394393.84,1394516.9887500003
757369.87,749117.2490500014
1310087.0,1286821.895549999
1230245.74,1221011.4662999983
649791.15,650479.5769999997
1242746.06,1232836.000499999
1436311.76,1427899.4385
1468350.36,1463628.5969
913616.32,912740.0879499994
1661767.33,1659954.7008499985
813756.09,830546.4940999992
1415204.88,1420589.6925499993
427491.04,427492.8341500001
2236209.13,2209829.9468999985
848289.41,851052.0565999992
1187776.19,1178901.6384499993
923600.02,931125.8151500006
1536176.54,1515879.5075999997
1370659.54,1361808.8253
575570.77,568461.0242499993
1375101.26,1365350.8263000003
976393.43,973952.3348000005
1351407.79,1372369.6999
369350.6,369226.8280000001
918006.9,922316.6908000014
864881.24,865740.0913500008
562633.67,561632.1407499993
2137809.5,2104113.6999
556925.19,528460.7954000002
1327719.34,1322547.198549999
1660081.29,1652242.936449999
1624477.58,1625359.1667999995
1372043.71,1383630.2421999997
394918.83,397456.41750000045
988392.99,996572.519649999
1230118.02,1237434.5977499995
624099.48,619343.4510500003
754236.7,767598.8673499997
411116.95,401336.3862500001
2224499.28,2223742.448200002
1176588.25,1185928.07455
360256.58,357505.52604999923
1811562.88,1803902.5390000013
1246062.17,1258839.8246499994
667353.79,677292.9312500001
1461393.91,1449467.412749999
588363.62,583507.9263999996
1048101.39,1051029.2315
630740.11,633801.71525
1740063.1,1727346.346500001
1149427.48,1149882.9442499997
1680764.06,1621901.6536000008
1934099.65,1904480.4601000005
1511041.69,1505854.1530499998
328498.92,327750.9066
820188.42,824141.3897999994
453016.91,448638.1617000004
981615.81,987862.7805999998
1408907.89,1395806.22355
1021391.99,1024745.857950002
432424.85,426836.0048499999
594744.89,596878.1006
315645.53,310724.0373000002
1302499.23,1302859.668350002
1295605.35,1307015.8246999986
924174.4,957291.984799999
1037549.71,1039470.2557500008
622437.08,620572.7391500005
337825.89,325321.30125
507335.75,508398.78350000025
2163384.17,2169586.62405
1267675.05,1268163.3702500009
667151.46,675683.8105999997
1213486.95,1422383.3776500009
1384721.84,1379237.1174500012
306827.36,309869.6821
277137.86,285807.8367500002
981646.46,976439.8507999998
2121788.61,2196770.1515999986
298080.45,300079.6447000001
453308.15,448518.57329999993
570816.34,579432.1948499996
491115.86,499034.35474999924
903864.02,908052.5212999989
1677472.78,1678737.5183
1588430.71,1567700.3614500004
1388553.11,1386527.6342999986
1317379.68,1312422.3314500002
412882.31,417087.62094999966
429305.82,428641.5098999998
312361.88,309651.80720000016
1116295.24,1127826.9349000005
1220815.33,1242254.5892499993
1484708.38,1561509.3954499995
717207.19,707404.1025000003
1544653.37,1529391.2272999997
2005341.43,2016612.8112499989
941008.85,930117.9037999995
712312.89,724767.6908499993
1772143.94,1813563.8093500016
552985.34,550616.9956499991
1539387.83,1621646.6325999987
1449142.92,1451016.4551000006
2189353.63,2205495.6489000004
2055952.61,2058643.296849997
1344580.92,1342443.09255
298697.84,300493.8494999996
491449.94,494369.3238000004
1033171.07,1040367.9416999989
981210.57,984779.8701000006
1999363.49,1999099.4349500018
2207214.81,2177277.3536499976
805028.74,798000.913299999
643603.69,641605.9846000002
899761.48,911899.6224499999
1908278.27,1886729.4295500002
241937.11,278202.7138500001
361067.07,360315.0330499995
1199845.29,1205923.4040999985
726422.55,724430.4940499995
1277959.42,1285618.1886500008
522816.85,522087.5270000001
1841369.99,1844700.0457000015
710496.97,709006.1612000002
802583.89,799625.2298499997
342385.38,348990.16459999944
2095591.63,2056368.7101000003
1277882.77,1293377.2247499991
1445249.09,1451708.1624499997
261131.09,274493.54930000013
684348.92,679587.5170000008
1543947.23,1455457.7880500006
329613.2,303969.0385000005
1635078.41,1620322.4622000006
535769.32,538606.1338999997
1350646.16,1347516.0764500021
859258.17,852202.3225499992
489079.23,495705.40344999946
306098.17,308871.64860000013
1246242.61,1243773.6963000013
558691.43,556617.8518999997
481144.09,477491.1848500001
2081534.65,2084652.395050001
541406.98,543714.7076000001
359949.27,363311.52575000026
1290684.95,1264049.7141500006
1857533.7,1850082.7142500023
1034119.21,1031637.183950001
503295.29,504585.5253000004
1239423.19,1241464.1140500002
437222.94,441138.2258500001
589554.29,592500.6355500002
820288.35,813808.2619499986
366367.55,367429.65555000014
2094515.71,2089758.2361999997
340497.08,342339.4046999998
1419236.9,1392153.6144500002
449355.91,445531.6367999999
500945.63,507765.10929999984
1785823.37,1810911.8485000008
1794962.64,1844237.5012499953
725043.04,724254.1990500003
994610.43,986336.74045
1707481.9,1726964.589600002
768070.53,740873.0976000014
1011201.12,1052775.617449999
425215.71,425193.2925499998
1492060.89,1485878.3328499983
801098.43,808769.9125499997
890689.51,873494.1505000005
2066187.72,2143429.7876500003
816138.33,826325.4379999994
